{
    "model": {
      "name": "small",
      "device": "cpu",
      "compute_type": "int8",
      "cpu_threads": 0,
      "num_workers": 1
    },
    "transcription": {
      "language": "fr",
      "beam_size": 5,
      "best_of": 5,
      "patience": 1.0,
      "length_penalty": 1.0,
      "repetition_penalty": 1.0,
      "no_repeat_ngram_size": 0,
      "temperature": [0.0, 0.2, 0.4, 0.6, 0.8, 1.0],
      "compression_ratio_threshold": 2.4,
      "log_prob_threshold": -1.0,
      "no_speech_threshold": 0.6,
      "condition_on_previous_text": true,
      "prompt_reset_on_temperature": 0.5,
      "initial_prompt": "Bonjour, voici ce que je veux dire :",
      "prefix": null,
      "suppress_blank": true,
      "suppress_tokens": [-1],
      "without_timestamps": false,
      "max_initial_timestamp": 0.0,
      "word_timestamps": false,
      "prepend_punctuations": "\"'¿([{-",
      "append_punctuations": "\"'.。，!?::)]}、"
    },
    "vad": {
        "enabled": true,
        "aggressiveness": 2,
        "min_speech_duration": 0.2,
        "silence_duration": 1.3,
        "timeout": 30
    },
    "vad_whisper": {
        "enabled": true,
        "onset": 0.4,
        "offset": 0.3,
        "min_speech_duration": 0.1,
        "max_speech_duration": 30.0,
        "min_silence_duration": 0.5,
        "speech_pad": 0.3
      },
    "audio": {
      "sample_rate": 16000,
      "chunk_size": 480,
      "channels": 1,
      "format": "int16"
    },
    "performance": {
      "fp16": false,
      "enable_chunking": false,
      "chunk_length": 30,
      "hotwords": null,
      "language_detection_threshold": 0.5,
      "language_detection_segments": 1
    },
    "engine": {
        "prefer_faster_whisper": true,
        "auto_fallback": true,
        "performance_mode": "balanced"
    },
    "debug": {
      "save_recordings": false,
      "recordings_path": "./recordings",
      "log_transcription_details": true,
      "log_performance_stats": true
    }
  }